1695743710722,1695743710741,19
1695743710722,1695743710756,34
1695743710757,1695743710849,92
1695743710722,1695743711009,287
1695743710750,1695743711256,506
1695743710724,1695743712164,1440
1695743712165,1695743712165,0
1695743712166,1695743712331,165
1695743712332,1695743712333,1
1695743712335,1695743712335,0
1695743712336,1695743712337,1
1695743710722,1695743712356,1634
1695743710722,1695743712524,1802
1695743712525,1695743713382,857
1695743710850,1695743713840,2990
1695743711010,1695743714005,2995
1695743713841,1695743714179,338
1695743711258,1695743714483,3225
1695743712338,1695743714533,2195
1695743714535,1695743714664,129
1695743714007,1695743714747,740
1695743714749,1695743715218,469
1695743712358,1695743715479,3121
1695743714181,1695743715500,1319
1695743715219,1695743715508,289
1695743714665,1695743715698,1033
1695743714484,1695743715722,1238
1695743715699,1695743715723,24
1695743713384,1695743715760,2376
1695743715508,1695743716752,1244
1695743715481,1695743716964,1483
1695743715501,1695743717210,1709
1695743715762,1695743717255,1493
1695743716753,1695743717336,583
1695743715724,1695743718336,2612
1695743717256,1695743718363,1107
1695743717211,1695743718510,1299
1695743715723,1695743718573,2850
1695743718363,1695743718764,401
1695743718765,1695743718803,38
1695743718574,1695743718873,299
1695743718511,1695743718887,376
1695743718337,1695743718892,555
1695743718888,1695743719123,235
1695743719124,1695743719125,1
1695743719126,1695743719126,0
1695743717337,1695743719145,1808
1695743718803,1695743719504,701
1695743716966,1695743719548,2582
1695743719126,1695743720262,1136
1695743718892,1695743720395,1503
1695743719505,1695743720694,1189
1695743719549,1695743720734,1185
1695743720263,1695743721192,929
1695743718874,1695743721982,3108
1695743720736,1695743722363,1627
1695743720696,1695743722693,1997
1695743719146,1695743723044,3898
1695743721193,1695743723127,1934
1695743723128,1695743723151,23
1695743721982,1695743723249,1267
1695743720395,1695743723288,2893
1695743722693,1695743723545,852
1695743723151,1695743723664,513
1695743723289,1695743724001,712
1695743724002,1695743724301,299
1695743722363,1695743724538,2175
1695743723546,1695743724612,1066
1695743724613,1695743725198,585
1695743725199,1695743725206,7
1695743724538,1695743725218,680
1695743723046,1695743725459,2413
1695743725207,1695743726026,819
1695743723249,1695743726067,2818
1695743726067,1695743726673,606
1695743725219,1695743726859,1640
1695743726860,1695743727070,210
1695743726026,1695743727195,1169
1695743727071,1695743727353,282
1695743725460,1695743727356,1896
1695743727356,1695743727461,105
1695743727462,1695743727629,167
1695743726673,1695743727868,1195
1695743727868,1695743727877,9
1695743727878,1695743727878,0
1695743727879,1695743729040,1161
1695743727355,1695743729510,2155
1695743729040,1695743729789,749
1695743729510,1695743729957,447
1695743729958,1695743729960,2
1695743729790,1695743730211,421
1695743727629,1695743730713,3084
1695743729960,1695743730963,1003
1695743730963,1695743731363,400
1695743730715,1695743731368,653
1695743731365,1695743731456,91
1695743731369,1695743731774,405
1695743731457,1695743732218,761
1695743732219,1695743733118,899
1695743733119,1695743733273,154
1695744329561,1695744329904,343
1695744329911,1695744329941,30
1695744329562,1695744330424,862
1695744329562,1695744330970,1408
1695744330971,1695744330971,0
1695744330972,1695744331123,151
1695744331123,1695744331125,2
1695744331126,1695744331126,0
1695744331127,1695744331127,0
1695744329562,1695744331649,2087
1695744329561,1695744332192,2631
1695744330426,1695744332308,1882
1695744332193,1695744332327,134
1695744332328,1695744332513,185
1695744332514,1695744332986,472
1695744331128,1695744333056,1928
1695744333057,1695744333175,118
1695744331650,1695744333251,1601
1695744333251,1695744333259,8
1695744332309,1695744333399,1090
1695744329562,1695744333617,4055
1695744329943,1695744333933,3990
1695744333934,1695744333968,34
1695744333175,1695744334114,939
1695744334114,1695744334133,19
1695744333260,1695744334369,1109
1695744334370,1695744334490,120
1695744332987,1695744334728,1741
1695744333969,1695744334815,846
1695744334492,1695744334994,502
1695744334729,1695744335041,312
1695744333401,1695744335209,1808
1695744334995,1695744336196,1201
1695744334135,1695744336507,2372
1695744335042,1695744336599,1557
1695744334816,1695744336714,1898
1695744336197,1695744336748,551
1695744336749,1695744336989,240
1695744336508,1695744337037,529
1695744335210,1695744337116,1906
1695744336715,1695744337383,668
1695744336600,1695744337884,1284
1695744336991,1695744337903,912
1695744333618,1695744337962,4344
1695744337884,1695744338332,448
1695744337037,1695744338339,1302
1695744337963,1695744338433,470
1695744337903,1695744338782,879
1695744338783,1695744338999,216
1695744337117,1695744339133,2016
1695744338433,1695744339161,728
1695744338333,1695744339369,1036
1695744337384,1695744339458,2074
1695744339000,1695744339634,634
1695744339369,1695744339998,629
1695744339999,1695744340177,178
1695744340178,1695744340461,283
1695744339162,1695744340486,1324
1695744339634,1695744340594,960
1695744340595,1695744340753,158
1695744338339,1695744341082,2743
1695744339134,1695744341091,1957
1695744339459,1695744341577,2118
1695744341083,1695744341806,723
1695744341091,1695744342048,957
1695744341807,1695744342129,322
1695744340487,1695744342239,1752
1695744340463,1695744342301,1838
1695744342302,1695744342304,2
1695744342131,1695744342368,237
1695744342239,1695744342769,530
1695744342769,1695744342874,105
1695744342875,1695744342911,36
1695744342049,1695744343033,984
1695744341578,1695744343227,1649
1695744342912,1695744343453,541
1695744343453,1695744343492,39
1695744343228,1695744343570,342
1695744342305,1695744343583,1278
1695744340753,1695744343843,3090
1695744343034,1695744343855,821
1695744343844,1695744344087,243
1695744343571,1695744344702,1131
1695744343855,1695744344704,849
1695744342369,1695744345016,2647
1695744344703,1695744345309,606
1695744344704,1695744345394,690
1695744343493,1695744345497,2004
1695744345394,1695744345616,222
1695744345017,1695744345722,705
1695744345309,1695744345883,574
1695744345723,1695744346148,425
1695744344087,1695744346376,2289
1695744345616,1695744346386,770
1695744345498,1695744346398,900
1695744346149,1695744346408,259
1695744343584,1695744346528,2944
1695744346529,1695744346618,89
1695744346399,1695744347036,637
1695744346386,1695744347138,752
1695744345884,1695744347372,1488
1695744347138,1695744347570,432
1695744346408,1695744347576,1168
1695744346618,1695744347735,1117
1695744346377,1695744348014,1637
1695744347577,1695744348093,516
1695744347570,1695744348239,669
1695744347372,1695744348285,913
1695744347735,1695744348631,896
1695744347036,1695744348671,1635
1695744348016,1695744348770,754
1695744348241,1695744348852,611
1695744348285,1695744349249,964
1695744349249,1695744349475,226
1695744348633,1695744349743,1110
1695744348094,1695744349779,1685
1695744348853,1695744349960,1107
1695744349475,1695744350179,704
1695744349744,1695744350573,829
1695744349961,1695744350648,687
1695744348672,1695744350744,2072
1695744350574,1695744351169,595
1695744350649,1695744351431,782
1695744348770,1695744351533,2763
1695744350745,1695744351603,858
1695744351533,1695744351708,175
1695744351708,1695744351789,81
1695744351604,1695744351790,186
1695744351432,1695744352207,775
1695744350180,1695744352257,2077
1695744351791,1695744352427,636
1695744352427,1695744352429,2
1695744352208,1695744352917,709
1695744349781,1695744353191,3410
1695744352429,1695744353196,767
1695744351171,1695744353215,2044
1695744353196,1695744353377,181
1695744353216,1695744353571,355
1695744352258,1695744353848,1590
1695744353572,1695744353930,358
1695744352917,1695744354179,1262
1695744353378,1695744354350,972
1695744351789,1695744354543,2754
1695744353849,1695744354700,851
1695744353930,1695744354915,985
1695744354701,1695744355368,667
1695744354915,1695744355396,481
1695744354180,1695744355535,1355
1695744355369,1695744355752,383
1695744353192,1695744355918,2726
1695744354350,1695744356066,1716
1695744355535,1695744356067,532
1695744356068,1695744356271,203
1695744355753,1695744356307,554
1695744356308,1695744356397,89
1695744356398,1695744356592,194
1695744356067,1695744356679,612
1695744355396,1695744356898,1502
1695744356271,1695744356977,706
1695744356899,1695744357146,247
1695744354544,1695744357274,2730
1695744356593,1695744357695,1102
1695744356978,1695744357771,793
1695744356680,1695744357792,1112
1695744357792,1695744357944,152
1695744357275,1695744358058,783
1695744357696,1695744358101,405
1695744355919,1695744358320,2401
1695744357944,1695744358330,386
1695744358321,1695744358493,172
1695744357771,1695744358544,773
1695744358493,1695744358764,271
1695744358330,1695744358943,613
1695744358058,1695744359486,1428
1695744358101,1695744359795,1694
1695744357146,1695744360078,2932
1695744359796,1695744360236,440
1695744358546,1695744360406,1860
1695744360079,1695744360494,415
1695744360494,1695744360606,112
1695744358944,1695744360790,1846
1695744360406,1695744360906,500
1695744359487,1695744361286,1799
1695744360906,1695744361366,460
1695744360237,1695744361687,1450
1695744360790,1695744361753,963
1695744361366,1695744362314,948
1695744361688,1695744362357,669
1695744362315,1695744363064,749
1695744362358,1695744363543,1185
1695744361287,1695744363547,2260
1695744358764,1695744363597,4833
1695744363543,1695744363920,377
1695744361754,1695744363929,2175
1695744360607,1695744364347,3740
1695744363597,1695744364840,1243
1695744363066,1695744365205,2139
1695744363929,1695744365240,1311
1695744365240,1695744365394,154
1695744364347,1695744365667,1320
1695744363920,1695744365698,1778
1695744364840,1695744365712,872
1695744365206,1695744365801,595
1695744363547,1695744365927,2380
1695744365927,1695744365945,18
1695744365945,1695744366234,289
1695744365802,1695744366364,562
1695744365698,1695744366715,1017
1695744366234,1695744366723,489
1695744365667,1695744366970,1303
1695744365712,1695744367266,1554
1695744366364,1695744367381,1017
1695744366970,1695744367494,524
1695744365395,1695744367844,2449
1695744367381,1695744368028,647
1695744367266,1695744368029,763
1695744367845,1695744368390,545
1695744366724,1695744368638,1914
1695744366716,1695744368717,2001
1695744368717,1695744369069,352
1695744368029,1695744369277,1248
1695744369278,1695744369670,392
1695744369670,1695744369690,20
1695744368390,1695744369786,1396
1695744368639,1695744369994,1355
1695744368029,1695744370241,2212
1695744369070,1695744370268,1198
1695744369691,1695744370365,674
1695744369788,1695744370434,646
1695744369994,1695744370578,584
1695744367495,1695744370683,3188
1695744370366,1695744371014,648
1695744370683,1695744371066,383
1695744370242,1695744371609,1367
1695744370268,1695744371676,1408
1695744371676,1695744371758,82
1695744371015,1695744371914,899
1695744371067,1695744372026,959
1695744370434,1695744372145,1711
1695744371758,1695744372229,471
1695744372229,1695744372479,250
1695744371610,1695744372629,1019
1695744372629,1695744373016,387
1695744371915,1695744373025,1110
1695744373016,1695744373054,38
1695744372146,1695744373377,1231
1695744373025,1695744373622,597
1695744372027,1695744373642,1615
1695744372480,1695744373668,1188
1695744373054,1695744373755,701
1695744370578,1695744373953,3375
1695744373623,1695744374225,602
1695744373642,1695744374405,763
1695744373669,1695744374528,859
1695744374528,1695744374609,81
1695744373954,1695744374645,691
1695744374645,1695744374663,18
1695744373755,1695744374732,977
1695744374225,1695744374783,558
1695744374664,1695744375097,433
1695744374406,1695744375335,929
1695744374783,1695744375405,622
1695744374610,1695744375443,833
1695744375335,1695744375502,167
1695744373377,1695744375752,2375
1695744375753,1695744375855,102
1695744375855,1695744375858,3
1695744375858,1695744376107,249
1695744374733,1695744376554,1821
1695744376107,1695744376688,581
1695744376688,1695744376688,0
1695744375405,1695744377174,1769
1695744375097,1695744377313,2216
1695744376555,1695744377348,793
1695744375503,1695744377795,2292
1695744377313,1695744378310,997
1695744376689,1695744378397,1708
1695744377348,1695744378520,1172
1695744375443,1695744378636,3193
1695744377795,1695744378773,978
1695744377174,1695744378804,1630
1695744378774,1695744378968,194
1695744378520,1695744379283,763
1695744379283,1695744379293,10
1695744378805,1695744379294,489
1695744378636,1695744379410,774
1695744378398,1695744379994,1596
1695744379295,1695744380084,789
1695744378968,1695744380277,1309
1695744379293,1695744380360,1067
1695744380085,1695744380457,372
1695744379410,1695744380699,1289
1695744378312,1695744380887,2575
1695744379994,1695744381309,1315
1695744380278,1695744381340,1062
1695744380362,1695744381792,1430
1695744381792,1695744381801,9
1695744381802,1695744381870,68
1695744380458,1695744382362,1904
1695744381310,1695744382367,1057
1695744380699,1695744382374,1675
1695744380888,1695744382449,1561
1695744381340,1695744382462,1122
1695744382375,1695744382585,210
1695744382463,1695744382950,487
1695744382362,1695744383164,802
1695744382367,1695744383197,830
1695744382587,1695744383421,834
1695744383422,1695744383445,23
1695744383164,1695744383880,716
1695744383446,1695744383935,489
1695744383881,1695744384343,462
1695744381870,1695744384479,2609
1695744383935,1695744384520,585
1695744384480,1695744384793,313
1695744383197,1695744384992,1795
1695744384343,1695744385334,991
1695744382450,1695744385814,3364
1695744385335,1695744386020,685
1695744384794,1695744386084,1290
1695744384993,1695744386246,1253
1695744384521,1695744386481,1960
1695744386482,1695744386686,204
1695744385815,1695744386863,1048
1695744386687,1695744386915,228
1695744386916,1695744387261,345
1695744382950,1695744387355,4405
1695744386084,1695744387697,1613
1695744386020,1695744387725,1705
1695744387262,1695744387825,563
1695744386247,1695744387878,1631
1695744387826,1695744388104,278
1695744387878,1695744388349,471
1695744387355,1695744388361,1006
1695744388361,1695744388401,40
1695744387726,1695744388568,842
1695744388569,1695744388569,0
1695744388104,1695744388598,494
1695744386863,1695744388796,1933
1695744388569,1695744388884,315
1695744387698,1695744388930,1232
1695744388401,1695744388968,567
1695744388797,1695744389051,254
1695744388885,1695744389271,386
1695744388931,1695744389304,373
1695744389304,1695744389572,268
1695744389573,1695744389573,0
1695744389573,1695744389573,0
1695744389051,1695744390220,1169
1695744388349,1695744390547,2198
1695744389575,1695744390571,996
1695744390547,1695744390642,95
1695744390642,1695744390643,1
1695744390643,1695744390669,26
1695744388968,1695744390720,1752
1695744390721,1695744390731,10
1695744388598,1695744390879,2281
1695744390669,1695744391133,464
1695744389273,1695744391271,1998
1695744390731,1695744391271,540
1695744391271,1695744391438,167
1695744390571,1695744391443,872
1695744390220,1695744391765,1545
1695744391438,1695744392406,968
1695744391134,1695744392583,1449
1695744392584,1695744392715,131
1695744390880,1695744393020,2140
1695744391443,1695744393492,2049
1695744393493,1695744393515,22
1695744392715,1695744393529,814
1695744393530,1695744393831,301
1695744393516,1695744394013,497
1695744394014,1695744394016,2
1695744391272,1695744394048,2776
1695744392407,1695744394239,1832
1695744394049,1695744394331,282
1695744394016,1695744394459,443
1695744393021,1695744394464,1443
1695744394465,1695744394558,93
1695744391767,1695744394659,2892
1695744393831,1695744394735,904
1695744394558,1695744395305,747
1695744394333,1695744395478,1145
1695744394659,1695744395661,1002
1695744395661,1695744396112,451
1695744396112,1695744396144,32
1695744395479,1695744396441,962
1695744396144,1695744396629,485
1695744396441,1695744397011,570
1695744394737,1695744397049,2312
1695744395307,1695744397081,1774
1695744394240,1695744397259,3019
1695744397081,1695744397288,207
1695744397288,1695744397320,32
1695744397013,1695744397448,435
1695744394460,1695744397544,3084
1695744397049,1695744397563,514
1695744396629,1695744397595,966
1695744397260,1695744397597,337
1695744397448,1695744397669,221
1695744397564,1695744398010,446
1695744397321,1695744398020,699
1695744397597,1695744398401,804
1695744398020,1695744398628,608
1695744397545,1695744398725,1180
1695744397595,1695744398817,1222
1695744398010,1695744399007,997
1695744398402,1695744399110,708
1695744399111,1695744399843,732
1695744399844,1695744399844,0
1695744397669,1695744400268,2599
1695744399844,1695744400553,709
1695744398628,1695744400709,2081
1695744399008,1695744400721,1713
1695744400269,1695744400981,712
1695744400710,1695744401111,401
1695744398726,1695744401373,2647
1695744401111,1695744401413,302
1695744400722,1695744401522,800
1695744401414,1695744401653,239
1695744401375,1695744401661,286
1695744401523,1695744401723,200
1695744400981,1695744401740,759
1695744400553,1695744401770,1217
1695744398817,1695744401881,3064
1695744401881,1695744402009,128
1695744402009,1695744402075,66
1695744401653,1695744402209,556
1695744402210,1695744402211,1
1695744402211,1695744402998,787
1695744401741,1695744403205,1464
1695744403207,1695744403513,306
1695744401723,1695744403701,1978
1695744403514,1695744403745,231
1695744402075,1695744403958,1883
1695744401771,1695744404039,2268
1695744403958,1695744404259,301
1695744404260,1695744404534,274
1695744401661,1695744404631,2970
1695744404040,1695744404678,638
1695744403746,1695744404788,1042
1695744402999,1695744404874,1875
1695744404535,1695744404878,343
1695744404878,1695744405238,360
1695744404789,1695744405471,682
1695744403703,1695744405864,2161
1695744405471,1695744405871,400
1695744404631,1695744405883,1252
1695744404679,1695744406371,1692
1695744405865,1695744406590,725
1695744404875,1695744406765,1890
1695744405873,1695744407471,1598
1695744407471,1695744407472,1
1695744406371,1695744407554,1183
1695744406591,1695744407824,1233
1695744407554,1695744407892,338
1695744405239,1695744408056,2817
1695744407472,1695744408167,695
1695744406765,1695744408434,1669
1695744407825,1695744408494,669
1695744408435,1695744408735,300
1695744408168,1695744409017,849
1695744405884,1695744409119,3235
1695744408495,1695744409419,924
1695744407892,1695744409460,1568
1695744409018,1695744409817,799
1695744409120,1695744409886,766
1695744409420,1695744410026,606
1695744410027,1695744410403,376
1695744410404,1695744410404,0
1695744410404,1695744410507,103
1695744409817,1695744410833,1016
1695744408735,1695744410929,2194
1695744408057,1695744411146,3089
1695744410834,1695744411245,411
1695744409460,1695744411299,1839
1695744409887,1695744411656,1769
1695744411657,1695744411669,12
1695744411669,1695744411670,1
1695744410509,1695744411684,1175
1695744411146,1695744411760,614
1695744411761,1695744412001,240
1695744411299,1695744412094,795
1695744410929,1695744412122,1193
1695744411245,1695744412136,891
1695744411685,1695744412150,465
1695744412151,1695744412151,0
1695744412151,1695744412489,338
1695744412095,1695744412490,395
1695744412491,1695744412495,4
1695744412136,1695744412915,779
1695744412495,1695744412958,463
1695744412489,1695744412966,477
1695744412916,1695744412971,55
1695744412966,1695744413397,431
1695744412122,1695744413397,1275
1695744411670,1695744413556,1886
1695744413397,1695744413676,279
1695744413399,1695744414104,705
1695744414105,1695744414132,27
1695744413676,1695744414322,646
1695744414322,1695744414535,213
1695744412958,1695744414540,1582
1695744412971,1695744414664,1693
1695744413556,1695744414766,1210
1695744414541,1695744414953,412
1695744414535,1695744414974,439
1695744414953,1695744415392,439
1695744414766,1695744415482,716
1695744414133,1695744415552,1419
1695744415553,1695744415602,49
1695744414664,1695744415716,1052
1695744415717,1695744415830,113
1695744415602,1695744416313,711
1695744415392,1695744416362,970
1695744416313,1695744416803,490
1695744415483,1695744416905,1422
1695744416803,1695744417096,293
1695744416362,1695744417223,861
1695744417224,1695744418063,839
1695744412003,1695744418480,6477
1695744418063,1695744418485,422
1695744418485,1695744419192,707
1695744415830,1695744419563,3733
1695744416905,1695744419835,2930
1695744419565,1695744420055,490
1695744419835,1695744421547,1712
1695744414975,1695744421892,6917
1695744417098,1695744421995,4897
1695744421996,1695744422225,229
1695744422225,1695744422226,1
1695744421892,1695744422248,356
1695744422249,1695744423220,971
1695744423220,1695744423220,0
1695744422226,1695744423395,1169
1695744419192,1695744423472,4280
1695744420056,1695744423517,3461
1695744423518,1695744423986,468
1695744421548,1695744423998,2450
1695744423472,1695744424143,671
1695744423998,1695744425030,1032
1695744424143,1695744425073,930
1695744423221,1695744425162,1941
1695744423986,1695744425286,1300
1695744425286,1695744425553,267
1695744425074,1695744425689,615
1695744425553,1695744426288,735
1695744425162,1695744426336,1174
1695744425030,1695744426458,1428
1695744423396,1695744426622,3226
1695744426622,1695744426622,0
1695744425689,1695744426911,1222
1695744426623,1695744427366,743
1695744426336,1695744427376,1040
1695744426912,1695744427533,621
1695744427376,1695744427965,589
1695744427966,1695744428073,107
1695744428074,1695744428412,338
1695744418481,1695744428426,9945
1695744427534,1695744428533,999
1695744426458,1695744428654,2196
1695744426288,1695744429503,3215
1695744428654,1695744429530,876
1695744428533,1695744429706,1173
1695744429504,1695744429862,358
1695744428412,1695744429930,1518
1695744428428,1695744430172,1744
1695744429931,1695744430324,393
1695744429706,1695744430336,630
1695744430173,1695744430534,361
1695744429864,1695744430648,784
1695744430535,1695744430662,127
1695744430649,1695744430703,54
1695744430704,1695744430705,1
1695744430705,1695744430748,43
1695744430337,1695744430882,545
1695744429531,1695744431750,2219
1695744430662,1695744431795,1133
1695744427366,1695744431795,4429
1695744431751,1695744432079,328
1695744431796,1695744432382,586
1695744431795,1695744432486,691
1695744432487,1695744432487,0
1695744432080,1695744432508,428
1695744430748,1695744433113,2365
1695744430325,1695744433130,2805
1695744433131,1695744433477,346
1695744433478,1695744433711,233
1695744432487,1695744433747,1260
1695744430883,1695744433829,2946
1695744433747,1695744434189,442
1695744433712,1695744434414,702
1695744433830,1695744434431,601
1695744434432,1695744434885,453
1695744433113,1695744434975,1862
1695744434415,1695744435323,908
1695744435324,1695744435338,14
1695744435339,1695744435386,47
1695744434885,1695744435431,546
1695744434189,1695744435438,1249
1695744434976,1695744435891,915
1695744432508,1695744436325,3817
1695744435387,1695744436429,1042
1695744435439,1695744436825,1386
1695744435892,1695744437007,1115
1695744437008,1695744437008,0
1695744432382,1695744437036,4654
1695744437036,1695744437037,1
1695744436326,1695744437070,744
1695744437070,1695744437073,3
1695744435431,1695744437453,2022
1695744437008,1695744437596,588
1695744436826,1695744437702,876
1695744436429,1695744437949,1520
1695744437596,1695744438034,438
1695744437453,1695744438060,607
1695744438060,1695744438702,642
1695744438035,1695744438750,715
1695744438750,1695744438786,36
1695744438787,1695744438818,31
1695744437949,1695744439098,1149
1695744437074,1695744439111,2037
1695744438818,1695744439518,700
1695744439099,1695744439679,580
1695744438703,1695744439736,1033
1695744439111,1695744439931,820
1695744439931,1695744440107,176
1695744439679,1695744440354,675
1695744439519,1695744440635,1116
1695744437704,1695744440675,2971
1695744437038,1695744440810,3772
1695744439737,1695744440957,1220
1695744440675,1695744440982,307
1695744440811,1695744441031,220
1695744440982,1695744441038,56
1695744440355,1695744441080,725
1695744441032,1695744441209,177
1695744441209,1695744441368,159
1695744441040,1695744441436,396
1695744441436,1695744441575,139
1695744440636,1695744441939,1303
1695744441940,1695744441941,1
1695744441941,1695744441942,1
1695744441943,1695744442125,182
1695744440107,1695744442195,2088
1695744441081,1695744442474,1393
1695744441368,1695744442777,1409
1695744442778,1695744443108,330
1695744441575,1695744443610,2035
1695744440957,1695744443838,2881
1695744442474,1695744444134,1660
1695744443838,1695744444692,854
1695744442126,1695744444831,2705
1695744442195,1695744444885,2690
1695744444135,1695744445010,875
1695744444831,1695744445044,213
1695744444692,1695744445239,547
1695744444885,1695744445327,442
1695744445327,1695744445584,257
1695744445010,1695744445629,619
1695744445584,1695744445695,111
1695744445045,1695744445714,669
1695744445715,1695744445764,49
1695744445696,1695744445799,103
1695744445764,1695744445819,55
1695744445239,1695744446312,1073
1695744443610,1695744446571,2961
1695744446572,1695744446588,16
1695744443110,1695744446708,3598
1695744445629,1695744446729,1100
1695744446589,1695744446732,143
1695744446730,1695744446788,58
1695744446313,1695744446850,537
1695744446709,1695744447401,692
1695744447402,1695744447439,37
1695744446732,1695744447474,742
1695744445819,1695744447580,1761
1695744446788,1695744447673,885
1695744447475,1695744447771,296
1695744447439,1695744447785,346
1695744447786,1695744448045,259
1695744445800,1695744448121,2321
1695744447771,1695744448241,470
1695744447674,1695744448251,577
1695744448252,1695744448317,65
1695744448046,1695744448341,295
1695744446851,1695744448368,1517
1695744448369,1695744448546,177
1695744448122,1695744448824,702
1695744448317,1695744449580,1263
1695744447581,1695744449801,2220
1695744448547,1695744449905,1358
1695744448242,1695744450033,1791
1695744449581,1695744450066,485
1695744450066,1695744450492,426
1695744448825,1695744450548,1723
1695744450549,1695744450656,107
1695744449802,1695744450661,859
1695744450662,1695744450883,221
1695744450033,1695744450933,900
1695744450657,1695744451342,685
1695744451343,1695744451343,0
1695744449906,1695744451390,1484
1695744450492,1695744451821,1329
1695744451390,1695744451863,473
1695744450884,1695744451922,1038
1695744450933,1695744451965,1032
1695744451965,1695744452187,222
1695744451923,1695744452357,434
1695744451822,1695744452703,881
1695744448341,1695744452877,4536
1695744451343,1695744452957,1614
1695744451864,1695744453081,1217
1695744452357,1695744453091,734
1695744453092,1695744453094,2
1695744452187,1695744453550,1363
1695744453550,1695744453552,2
1695744452877,1695744453613,736
1695744453094,1695744453734,640
1695744453082,1695744453747,665
1695744452957,1695744453852,895
1695744453734,1695744454112,378
1695744452703,1695744454151,1448
1695744453748,1695744454183,435
1695744454112,1695744454615,503
1695744454151,1695744454791,640
1695744453552,1695744454937,1385
1695744454184,1695744455057,873
1695744454792,1695744455353,561
1695744455059,1695744455800,741
1695744453613,1695744455833,2220
1695744454615,1695744455838,1223
1695744454939,1695744455923,984
1695744455354,1695744456152,798
1695744455839,1695744456379,540
1695744453853,1695744456554,2701
1695744455923,1695744456915,992
1695744456380,1695744457050,670
1695744456915,1695744457204,289
1695744456153,1695744457205,1052
1695744457051,1695744457223,172
1695744457206,1695744457524,318
1695744457223,1695744457614,391
1695744456555,1695744457650,1095
1695744457204,1695744457735,531
1695744457615,1695744457946,331
1695744457946,1695744458165,219
1695744457524,1695744458540,1016
1695744458541,1695744458674,133
1695744458675,1695744458689,14
1695744457735,1695744458779,1044
1695744457651,1695744458897,1246
1695744458165,1695744459246,1081
1695744459247,1695744459256,9
1695744455801,1695744459691,3890
1695744458690,1695744459795,1105
1695744459796,1695744460027,231
1695744458780,1695744460099,1319
1695744459256,1695744460815,1559
1695744459691,1695744461075,1384
1695744455833,1695744461129,5296
1695744460027,1695744461146,1119
1695744461146,1695744461175,29
1695744461175,1695744461222,47
1695744461129,1695744461383,254
1695744460100,1695744461474,1374
1695744460816,1695744461630,814
1695744461631,1695744461631,0
1695744461383,1695744461710,327
1695744461076,1695744461792,716
1695744461222,1695744462071,849
1695744461710,1695744462283,573
1695744462283,1695744462283,0
1695744461792,1695744462435,643
1695744461474,1695744462462,988
1695744461631,1695744462780,1149
1695744462071,1695744462848,777
1695744458897,1695744462892,3995
1695744462781,1695744463417,636
1695744462283,1695744463446,1163
1695744463418,1695744463689,271
1695744463447,1695744463796,349
1695744462848,1695744463849,1001
1695744462437,1695744464076,1639
1695744462463,1695744464206,1743
1695744463849,1695744464739,890
1695744464076,1695744464743,667
1695744463690,1695744465213,1523
1695744464739,1695744465225,486
1695744465226,1695744465377,151
1695744465215,1695744465389,174
1695744462893,1695744465396,2503
1695744464743,1695744465467,724
1695744465378,1695744465509,131
1695744463797,1695744465803,2006
1695744465390,1695744466006,616
1695744465467,1695744466099,632
1695744466006,1695744466204,198
1695744465396,1695744466351,955
1695744465510,1695744466395,885
1695744466099,1695744466522,423
1695744466204,1695744466788,584
1695744466395,1695744466890,495
1695744466890,1695744467022,132
1695744466522,1695744467225,703
1695744466788,1695744467549,761
1695744464207,1695744467722,3515
1695744467723,1695744467723,0
1695744467226,1695744467967,741
1695744467549,1695744468011,462
1695744466351,1695744468140,1789
1695744467723,1695744468625,902
1695744467968,1695744469148,1180
1695744468012,1695744469156,1144
1695744467023,1695744469592,2569
1695744465803,1695744470287,4484
1695744468141,1695744470304,2163
1695744468626,1695744470467,1841
1695744470287,1695744471578,1291
1695744469148,1695744471669,2521
1695744470304,1695744472091,1787
1695744471669,1695744472289,620
1695744472091,1695744472371,280
1695744471578,1695744472503,925
1695744472372,1695744472699,327
1695744469593,1695744472794,3201
1695744472290,1695744473015,725
1695744472699,1695744473137,438
1695744470467,1695744473148,2681
1695744472795,1695744473158,363
1695744473016,1695744473605,589
1695744472503,1695744473627,1124
1695744473159,1695744473644,485
1695744473627,1695744473911,284
1695744473912,1695744473914,2
1695744473914,1695744474062,148
1695744473137,1695744474119,982
1695744474062,1695744474801,739
1695744473605,1695744475026,1421
1695744474119,1695744475124,1005
1695744474802,1695744475329,527
1695744469157,1695744475355,6198
1695744475356,1695744475385,29
1695744473644,1695744475673,2029
1695744475386,1695744475703,317
1695744475329,1695744475805,476
1695744475675,1695744476271,596
1695744475703,1695744476296,593
1695744475805,1695744476332,527
1695744473148,1695744476613,3465
1695744475026,1695744477277,2251
1695744476613,1695744477728,1115
1695744475124,1695744477755,2631
1695744476296,1695744478233,1937
1695744477277,1695744478256,979
1695744478233,1695744478575,342
1695744477729,1695744478747,1018
1695744478576,1695744478753,177
1695744478754,1695744478976,222
1695744478256,1695744478996,740
1695744478977,1695744479077,100
1695744477755,1695744479132,1377
1695744479078,1695744479348,270
1695744479348,1695744479349,1
1695744479349,1695744479704,355
1695744478747,1695744480214,1467
1695744476271,1695744480440,4169
1695744480441,1695744480441,0
1695744479704,1695744480548,844
1695744480549,1695744480600,51
1695744480601,1695744480690,89
1695744480441,1695744480823,382
1695744478997,1695744481061,2064
1695744479132,1695744481442,2310
1695744476333,1695744481569,5236
1695744481454,1695744481612,158
1695744481061,1695744482058,997
1695744480690,1695744482195,1505
1695744480823,1695744482597,1774
1695744482598,1695744482599,1
1695744482196,1695744482655,459
1695744482058,1695744482698,640
1695744480214,1695744482807,2593
1695744482808,1695744482843,35
1695744482698,1695744483137,439
1695744482843,1695744483674,831
1695744481613,1695744483691,2078
1695744483137,1695744483933,796
1695744483675,1695744483968,293
1695744483692,1695744484714,1022
1695744483934,1695744485228,1294
1695744482655,1695744485237,2582
1695744482599,1695744485361,2762
1695744485230,1695744485562,332
1695744481569,1695744485648,4079
1695744485648,1695744485659,11
1695744483968,1695744485659,1691
1695744485660,1695744485848,188
1695744485238,1695744486054,816
1695744485362,1695744486134,772
1695744486134,1695744486136,2
1695744485848,1695744486232,384
1695744485659,1695744486354,695
1695744484714,1695744486526,1812
1695744486055,1695744486803,748
1695744485563,1695744486867,1304
1695744486232,1695744487004,772
1695744487004,1695744487067,63
1695744486354,1695744487204,850
1695744486527,1695744487364,837
1695744486868,1695744487684,816
1695744486804,1695744487725,921
1695744487068,1695744487882,814
1695744487725,1695744488198,473
1695744488198,1695744488201,3
1695744488202,1695744488561,359
1695744487364,1695744488589,1225
1695744488589,1695744488589,0
1695744488590,1695744488590,0
1695744488590,1695744488666,76
1695744488562,1695744488924,362
1695744488924,1695744489057,133
1695744487685,1695744489062,1377
1695744487882,1695744489299,1417
1695744488668,1695744489381,713
1695744489058,1695744489423,365
1695744489299,1695744489527,228
1695744489381,1695744489604,223
1695744489063,1695744489613,550
1695744489424,1695744489750,326
1695744489527,1695744489789,262
1695744489613,1695744490039,426
1695744489750,1695744490222,472
1695744490039,1695744490704,665
1695744487206,1695744490719,3513
1695744489790,1695744490924,1134
1695744486136,1695744490947,4811
1695744490704,1695744491360,656
1695744490924,1695744491504,580
1695744491361,1695744491877,516
1695744490222,1695744492245,2023
1695744489605,1695744492563,2958
1695744492563,1695744492587,24
1695744491504,1695744492594,1090
1695744491877,1695744492628,751
1695744492245,1695744492710,465
1695744492587,1695744492774,187
1695744492774,1695744493518,744
1695744492711,1695744493737,1026
1695744492630,1695744494143,1513
1695744493518,1695744494547,1029
1695744492594,1695744494621,2027
1695744494143,1695744494905,762
1695744490948,1695744495028,4080
1695744494622,1695744495084,462
1695744495084,1695744495480,396
1695744494547,1695744495726,1179
1695744495481,1695744495793,312
1695744495029,1695744495904,875
1695744495726,1695744496095,369
1695744495906,1695744496223,317
1695744496095,1695744496343,248
1695744496344,1695744496409,65
1695744496409,1695744496564,155
1695744496564,1695744496781,217
1695744490719,1695744496844,6125
1695744494905,1695744496873,1968
1695744496782,1695744496892,110
1695744496223,1695744496957,734
1695744495794,1695744497269,1475
1695744496874,1695744497810,936
1695744496844,1695744498455,1611
1695744496892,1695744498514,1622
1695744497810,1695744498519,709
1695744496958,1695744498894,1936
1695744498894,1695744498909,15
1695744498910,1695744498910,0
1695744498519,1695744499280,761
1695744498514,1695744499551,1037
1695744493737,1695744499713,5976
1695744499552,1695744499811,259
1695744499281,1695744499832,551
1695744498455,1695744500360,1905
1695744499832,1695744500683,851
1695744499811,1695744500964,1153
1695744499714,1695744501034,1320
1695744500964,1695744501201,237
1695744497270,1695744501601,4331
1695744498910,1695744501630,2720
1695744501036,1695744501643,607
1695744501630,1695744501775,145
1695744500360,1695744501990,1630
1695744501775,1695744502158,383
1695744500683,1695744502283,1600
1695744501644,1695744502421,777
1695744501990,1695744502488,498
1695744501602,1695744502573,971
1695744502158,1695744502685,527
1695744502284,1695744502865,581
1695744502573,1695744502877,304
1695744502421,1695744502928,507
1695744502877,1695744503043,166
1695744502489,1695744503129,640
1695744502685,1695744503140,455
1695744503130,1695744503463,333
1695744503464,1695744503684,220
1695744503686,1695744503687,1
1695744503140,1695744503717,577
1695744503044,1695744503844,800
1695744502928,1695744504167,1239
1695744503844,1695744504390,546
1695744504167,1695744504785,618
1695744501201,1695744505014,3813
1695744503717,1695744505404,1687
1695744504785,1695744505494,709
1695744505494,1695744505902,408
1695744505405,1695744506186,781
1695744505903,1695744506283,380
1695744506186,1695744506315,129
1695744505015,1695744506362,1347
1695744504390,1695744506438,2048
1695744506284,1695744506518,234
1695744506519,1695744506895,376
1695744506316,1695744507134,818
1695744506363,1695744507383,1020
1695744506439,1695744507477,1038
1695744507383,1695744507804,421
1695744502866,1695744507817,4951
1695744507477,1695744507853,376
1695744503687,1695744507878,4191
1695744507804,1695744508043,239
1695744507854,1695744508122,268
1695744507818,1695744508219,401
1695744508122,1695744508405,283
1695744508044,1695744508428,384
1695744506896,1695744508486,1590
1695744507135,1695744508686,1551
1695744508406,1695744508697,291
1695744508428,1695744508894,466
1695744508697,1695744509119,422
1695744508219,1695744509565,1346
1695744509120,1695744509571,451
1695744509565,1695744509615,50
1695744509572,1695744510122,550
1695744508487,1695744510360,1873
1695744510361,1695744510543,182
1695744510543,1695744510782,239
1695744510123,1695744511153,1030
1695744508895,1695744511240,2345
1695744510783,1695744511521,738
1695744511240,1695744511557,317
1695744511154,1695744511721,567
1695744509615,1695744511723,2108
1695744511721,1695744511726,5
1695744511521,1695744511750,229
1695744508687,1695744512089,3402
1695744507879,1695744512443,4564
1695744511724,1695744512505,781
1695744511750,1695744512574,824
1695744512090,1695744512917,827
1695744511726,1695744513417,1691
1695744512505,1695744513471,966
1695744513417,1695744513597,180
1695744512444,1695744513606,1162
1695744511558,1695744513887,2329
1695744513887,1695744514141,254
1695744513606,1695744514185,579
1695744513471,1695744514353,882
1695744512918,1695744514697,1779
1695744513597,1695744514854,1257
1695744514354,1695744515028,674
1695744514854,1695744515281,427
1695744515029,1695744515582,553
1695744515281,1695744515763,482
1695744515582,1695744515959,377
1695744514698,1695744516050,1352
1695744514142,1695744516279,2137
1695744512575,1695744516844,4269
1695744516051,1695744516891,840
1695744515960,1695744517097,1137
1695744516845,1695744517182,337
1695744515763,1695744517585,1822
1695744517183,1695744517703,520
1695744517097,1695744517787,690
1695744516280,1695744518080,1800
1695744517788,1695744518332,544
1695744517703,1695744518635,932
1695744517585,1695744518681,1096
1695744518082,1695744518699,617
1695744516892,1695744518834,1942
1695744518333,1695744519133,800
1695744518635,1695744519549,914
1695744518834,1695744519641,807
1695744519549,1695744519654,105
1695744519133,1695744519879,746
1695744514186,1695744519916,5730
1695744518699,1695744520109,1410
1695744519917,1695744520326,409
1695744519879,1695744520384,505
1695744518681,1695744520661,1980
1695744519654,1695744520718,1064
1695744519642,1695744521106,1464
1695744520720,1695744521255,535
1695744520327,1695744521286,959
1695744521287,1695744521399,112
1695744520661,1695744521423,762
1695744521106,1695744521910,804
1695744521255,1695744522011,756
1695744520384,1695744522222,1838
1695744521399,1695744522397,998
1695744522222,1695744522494,272
1695744521911,1695744522650,739
1695744522397,1695744522903,506
1695744522904,1695744522904,0
1695744522012,1695744522997,985
1695744522997,1695744523106,109
1695744523107,1695744523733,626
1695744521423,1695744523935,2512
1695744522495,1695744523994,1499
1695744522651,1695744524210,1559
1695744522904,1695744524508,1604
1695744523935,1695744524587,652
1695744524210,1695744524640,430
1695744524508,1695744524658,150
1695744524587,1695744524783,196
1695744523733,1695744525398,1665
1695744523994,1695744525542,1548
1695744520110,1695744525544,5434
1695744524784,1695744525851,1067
1695744524658,1695744525857,1199
1695744525544,1695744526052,508
1695744526053,1695744526053,0
1695744525399,1695744526102,703
1695744525542,1695744526168,626
1695744525851,1695744526496,645
1695744525858,1695744526716,858
1695744526716,1695744526812,96
1695744526102,1695744526919,817
1695744526054,1695744526989,935
1695744526168,1695744527145,977
1695744526989,1695744527630,641
1695744527631,1695744527652,21
1695744527653,1695744527794,141
1695744524640,1695744528130,3490
1695744526497,1695744528278,1781
1695744526812,1695744528899,2087
1695744526919,1695744529010,2091
1695744528900,1695744529108,208
1695744527794,1695744529215,1421
1695744529109,1695744529461,352
1695744529461,1695744529638,177
1695744527145,1695744529849,2704
1695744528131,1695744530145,2014
1695744529850,1695744530273,423
1695744529215,1695744530638,1423
1695744529639,1695744530704,1065
1695744530704,1695744530841,137
1695744530273,1695744530891,618
1695744528278,1695744531069,2791
1695744530145,1695744531408,1263
1695744531069,1695744531712,643
1695744530891,1695744531960,1069
1695744529010,1695744532082,3072
1695744530842,1695744532327,1485
1695744531712,1695744532901,1189
1695744531961,1695744533019,1058
1695744533021,1695744533043,22
1695744532083,1695744533249,1166
1695744531409,1695744533533,2124
1695744532901,1695744533661,760
1695744533533,1695744533711,178
1695744532327,1695744533985,1658
1695744530639,1695744534502,3863
1695744534503,1695744534506,3
1695744533043,1695744534810,1767
1695744533712,1695744534871,1159
1695744533251,1695744535077,1826
1695744534507,1695744535145,638
1695744534810,1695744535356,546
1695744533662,1695744535559,1897
1695744535146,1695744535592,446
1695744533985,1695744535981,1996
1695744535561,1695744536032,471
1695744535357,1695744536493,1136
1695744536033,1695744536554,521
1695744535077,1695744536662,1585
1695744535593,1695744537099,1506
1695744534872,1695744537138,2266
1695744535981,1695744537338,1357
1695744536663,1695744537682,1019
1695744537338,1695744537692,354
1695744537138,1695744537985,847
1695744537985,1695744538223,238
1695744536493,1695744538345,1852
1695744536554,1695744538391,1837
1695744538224,1695744538493,269
1695744538494,1695744538813,319
1695744538391,1695744538839,448
1695744538814,1695744538867,53
1695744538346,1695744539025,679
1695744537682,1695744539129,1447
1695744537693,1695744539161,1468
1695744537099,1695744539167,2068
1695744538839,1695744539395,556
1695744538868,1695744539476,608
1695744539477,1695744539477,0
1695744539477,1695744539836,359
1695744539025,1695744539853,828
1695744539395,1695744539909,514
1695744539167,1695744540144,977
1695744539853,1695744540428,575
1695744539910,1695744540478,568
1695744539130,1695744540483,1353
1695744540428,1695744540638,210
1695744539836,1695744540776,940
1695744540478,1695744540861,383
1695744540145,1695744541162,1017
1695744539162,1695744541438,2276
1695744540638,1695744541456,818
1695744540776,1695744541934,1158
1695744541456,1695744541992,536
1695744540862,1695744542249,1387
1695744541935,1695744542436,501
1695744541163,1695744542446,1283
1695744542249,1695744542696,447
1695744541992,1695744543103,1111
1695744542696,1695744543496,800
1695744540483,1695744543525,3042
1695744543104,1695744543625,521
1695744542446,1695744543645,1199
1695744543525,1695744544245,720
1695744543496,1695744544288,792
1695744542437,1695744544365,1928
1695744543646,1695744544461,815
1695744543626,1695744544491,865
1695744544491,1695744544901,410
1695744544366,1695744545395,1029
1695744544288,1695744545663,1375
1695744544246,1695744545975,1729
1695744544461,1695744546089,1628
1695744544901,1695744546174,1273
1695744541439,1695744546401,4962
1695744545976,1695744546840,864
1695744546175,1695744546863,688
1695744546089,1695744547194,1105
1695744545663,1695744547251,1588
1695744545396,1695744547346,1950
1695744547251,1695744547918,667
1695744547347,1695744547926,579
1695744546864,1695744548425,1561
1695744546841,1695744548489,1648
1695744547919,1695744548650,731
1695744547194,1695744548780,1586
1695744548781,1695744548790,9
1695744548790,1695744549326,536
1695744548426,1695744549614,1188
1695744548489,1695744549852,1363
1695744547927,1695744549952,2025
1695744549953,1695744549986,33
1695744549852,1695744550190,338
1695744546402,1695744550317,3915
1695744549988,1695744550435,447
1695744549326,1695744550490,1164
1695744550490,1695744550490,0
1695744549614,1695744550719,1105
1695744550317,1695744550764,447
1695744548651,1695744551123,2472
1695744550491,1695744551316,825
1695744550720,1695744551639,919
1695744551123,1695744552116,993
1695744551317,1695744552301,984
1695744552301,1695744552314,13
1695744550436,1695744552454,2018
1695744551640,1695744552501,861
1695744550190,1695744552547,2357
1695744552118,1695744552840,722
1695744552502,1695744553023,521
1695744552840,1695744553330,490
1695744550765,1695744553491,2726
1695744553023,1695744553750,727
1695744552314,1695744553750,1436
1695744553751,1695744553806,55
1695744552548,1695744553888,1340
1695744553491,1695744553908,417
1695744552454,1695744554092,1638
1695744553330,1695744554203,873
1695744553908,1695744554710,802
1695744554093,1695744554726,633
1695744553807,1695744555160,1353
1695744554727,1695744555545,818
1695744555161,1695744555643,482
1695744554203,1695744555862,1659
1695744555644,1695744555918,274
1695744555918,1695744555920,2
1695744554710,1695744556004,1294
1695744555921,1695744556086,165
1695744556086,1695744556204,118
1695744556204,1695744556244,40
1695744553888,1695744556491,2603
1695744556492,1695744556785,293
1695744556004,1695744556968,964
1695744553750,1695744557026,3276
1695744556785,1695744557188,403
1695744555863,1695744557713,1850
1695744557188,1695744557748,560
1695744555545,1695744558104,2559
1695744557713,1695744558213,500
1695744556968,1695744558369,1401
1695744556244,1695744558426,2182
1695744558213,1695744559311,1098
1695744558426,1695744559345,919
1695744558104,1695744559597,1493
1695744559346,1695744559812,466
1695744557748,1695744560125,2377
1695744560125,1695744560292,167
1695744559311,1695744560410,1099
1695744560410,1695744560425,15
1695744559812,1695744560512,700
1695744557028,1695744560975,3947
1695744560512,1695744561103,591
1695744560425,1695744561141,716
1695744560293,1695744561347,1054
1695744561141,1695744561373,232
1695744561374,1695744561923,549
1695744558370,1695744561975,3605
1695744561104,1695744562583,1479
1695744561347,1695744562596,1249
1695744561923,1695744562598,675
1695744559597,1695744562989,3392
1695744562583,1695744562990,407
1695744562989,1695744563245,256
1695744562598,1695744563600,1002
1695744562990,1695744563620,630
1695744560976,1695744563686,2710
1695744563620,1695744564070,450
1695744563600,1695744564176,576
1695744562599,1695744564837,2238
1695744561975,1695744564850,2875
1695744564070,1695744565306,1236
1695744564177,1695744565580,1403
1695744563246,1695744565584,2338
1695744564838,1695744566048,1210
1695744565306,1695744566104,798
1695744565580,1695744566196,616
1695744566048,1695744566548,500
1695744566548,1695744567169,621
1695744566198,1695744567422,1224
1695744567422,1695744567422,0
1695744565585,1695744567460,1875
1695744566105,1695744567892,1787
1695744567170,1695744568132,962
1695744568133,1695744568134,1
1695744567462,1695744568138,676
1695744563686,1695744568146,4460
1695744568146,1695744568797,651
1695744567422,1695744568808,1386
1695744568134,1695744568954,820
1695744567892,1695744569168,1276
1695744564850,1695744569423,4573
1695744568798,1695744569527,729
1695744569168,1695744570165,997
1695744569423,1695744570197,774
1695744568138,1695744570383,2245
1695744570198,1695744571107,909
1695744568808,1695744571118,2310
1695744570383,1695744571364,981
1695744571364,1695744571460,96
1695744568954,1695744572002,3048
1695744569527,1695744572244,2717
1695744571119,1695744572532,1413
1695744571462,1695744572607,1145
1695744572002,1695744572978,976
1695744572978,1695744573157,179
1695744572245,1695744573291,1046
1695744573291,1695744573744,453
1695744572532,1695744573812,1280
1695744573812,1695744573966,154
1695744573158,1695744573977,819
1695744570165,1695744574142,3977
1695744573977,1695744574212,235
1695744574213,1695744574458,245
1695744572607,1695744574615,2008
1695744574615,1695744574638,23
1695744574142,1695744575002,860
1695744574459,1695744575308,849
1695744575309,1695744575777,468
1695744573744,1695744575827,2083
1695744575828,1695744575830,2
1695744575777,1695744576016,239
1695744573966,1695744576128,2162
1695744571107,1695744576129,5022
1695744575002,1695744576296,1294
1695744574639,1695744576497,1858
1695744575830,1695744576567,737
1695744576130,1695744576578,448
1695744576296,1695744576668,372
1695744576017,1695744576900,883
1695744576128,1695744576933,805
1695744576901,1695744576957,56
1695744576957,1695744577092,135
1695744576578,1695744577722,1144
1695744577093,1695744577930,837
1695744576497,1695744578439,1942
1695744577931,1695744578455,524
1695744578455,1695744578603,148
1695744576934,1695744578710,1776
1695744576567,1695744578813,2246
1695744578603,1695744579209,606
1695744579209,1695744579308,99
1695744578711,1695744579337,626
1695744579338,1695744579381,43
1695744578439,1695744579425,986
1695744578814,1695744579607,793
1695744579382,1695744579695,313
1695744576668,1695744579908,3240
1695744579695,1695744580051,356
1695744579309,1695744580243,934
1695744580051,1695744580329,278
1695744577723,1695744580604,2881
1695744580243,1695744580646,403
1695744579425,1695744580969,1544
1695744580969,1695744581071,102
1695744579607,1695744581075,1468
1695744580330,1695744581207,877
1695744581207,1695744581321,114
1695744579909,1695744581512,1603
1695744581076,1695744581814,738
1695744581322,1695744581835,513
1695744581836,1695744582121,285
1695744581814,1695744582191,377
1695744582121,1695744582400,279
1695744580647,1695744582409,1762
1695744582192,1695744582455,263
1695744581071,1695744582768,1697
1695744582769,1695744583004,235
1695744582400,1695744583175,775
1695744582456,1695744583194,738
1695744583195,1695744583206,11
1695744582410,1695744583209,799
1695744583176,1695744583415,239
1695744581512,1695744583469,1957
1695744583415,1695744583489,74
1695744583207,1695744583740,533
1695744583004,1695744583786,782
1695744583470,1695744583850,380
1695744583489,1695744583983,494
1695744583787,1695744583996,209
1695744583984,1695744584326,342
1695744583740,1695744584390,650
1695744583996,1695744584613,617
1695744583850,1695744584720,870
1695744584390,1695744584921,531
1695744583210,1695744584977,1767
1695744584720,1695744585001,281
1695744580605,1695744585021,4416
1695744584614,1695744585126,512
1695744584921,1695744585256,335
1695744585022,1695744585643,621
1695744585001,1695744585732,731
1695744584977,1695744586009,1032
1695744584327,1695744586248,1921
1695744585126,1695744586297,1171
1695744585644,1695744586395,751
1695744586395,1695744586399,4
1695744586297,1695744586566,269
1695744586399,1695744586713,314
1695744585256,1695744586757,1501
1695744586010,1695744587016,1006
1695744587016,1695744587201,185
1695744586713,1695744587457,744
1695744586757,1695744587503,746
1695744586567,1695744587759,1192
1695744585732,1695744587847,2115
1695744587202,1695744588176,974
1695744588176,1695744588188,12
1695744586248,1695744588510,2262
1695744587760,1695744589264,1504
1695744587849,1695744589324,1475
1695744587503,1695744589471,1968
1695744589264,1695744589730,466
1695744589324,1695744589746,422
1695744589471,1695744589751,280
1695744589751,1695744590228,477
1695744589731,1695744590550,819
1695744590228,1695744590893,665
1695744588510,1695744591022,2512
1695744588188,1695744591180,2992
1695744590894,1695744591361,467
1695744591022,1695744591445,423
1695744587459,1695744591459,4000
1695744591181,1695744591500,319
1695744590550,1695744591553,1003
1695744591459,1695744591567,108
1695744589747,1695744591949,2202
1695744591567,1695744592074,507
1695744591361,1695744592184,823
1695744591445,1695744592373,928
1695744592185,1695744592754,569
1695744591949,1695744592795,846
1695744592074,1695744593243,1169
1695744592754,1695744593454,700
1695744591554,1695744593465,1911
1695744591500,1695744593646,2146
1695744592373,1695744593940,1567
1695744593455,1695744594117,662
1695744593466,1695744594577,1111
1695744594577,1695744594674,97
1695744594117,1695744594881,764
1695744593244,1695744595156,1912
1695744593647,1695744595251,1604
1695744593941,1695744595507,1566
1695744592796,1695744596036,3240
1695744595251,1695744596037,786
1695744596037,1695744596279,242
1695744595507,1695744596487,980
1695744594881,1695744596786,1905
1695744596036,1695744596845,809
1695744594675,1695744596955,2280
1695744596279,1695744597068,789
1695744596787,1695744597586,799
1695744597068,1695744597842,774
1695744596845,1695744598099,1254
1695744598100,1695744598334,234
1695744598335,1695744598394,59
1695744597587,1695744598443,856
1695744596488,1695744598523,2035
1695744596956,1695744598769,1813
1695744598443,1695744598810,367
1695744598770,1695744598985,215
1695744597842,1695744599191,1349
1695744598986,1695744599368,382
1695744599369,1695744599399,30
1695744598811,1695744599610,799
1695744598523,1695744599832,1309
1695744598394,1695744599971,1577
1695744595157,1695744599973,4816
1695744599972,1695744600162,190
1695744600163,1695744600231,68
1695744599610,1695744600352,742
1695744599974,1695744600870,896
1695744600352,1695744600880,528
1695744600231,1695744600901,670
1695744600902,1695744600907,5
1695744599832,1695744600915,1083
1695744599193,1695744600931,1738
1695744600870,1695744601087,217
1695744600915,1695744601194,279
1695744600931,1695744601321,390
1695744600881,1695744601521,640
1695744601321,1695744602178,857
1695744602178,1695744602266,88
1695744600907,1695744602444,1537
1695744601521,1695744602470,949
1695744599399,1695744602604,3205
1695744601089,1695744603244,2155
1695744602266,1695744603730,1464
1695744602471,1695744603965,1494
1695744601194,1695744604060,2866
1695744604060,1695744604286,226
1695744603730,1695744604320,590
1695744603244,1695744604561,1317
1695744603966,1695744604766,800
1695744604286,1695744604917,631
1695744602605,1695744605083,2478
1695744604561,1695744605561,1000
1695744604320,1695744606284,1964
1695744604918,1695744606571,1653
1695744606285,1695744606638,353
1695744602445,1695744606735,4290
1695744604766,1695744606798,2032
1695744606639,1695744607279,640
1695744605561,1695744607440,1879
1695744606798,1695744607595,797
1695744607280,1695744607813,533
1695744606571,1695744607895,1324
1695744605083,1695744607915,2832
1695744607596,1695744608192,596
1695744606735,1695744608203,1468
1695744607896,1695744608535,639
1695744607440,1695744608747,1307
1695744607916,1695744608946,1030
1695744607814,1695744609144,1330
1695744608946,1695744609349,403
1695744609144,1695744609870,726
1695744609870,1695744609985,115
1695744609350,1695744610298,948
1695744609985,1695744610533,548
1695744610298,1695744610533,235
1695744610533,1695744611118,585
1695744610533,1695744611289,756
1695744608204,1695744611654,3450
1695744608535,1695744611781,3246
1695744611118,1695744611807,689
1695744611289,1695744611922,633
1695744608193,1695744611923,3730
1695744611922,1695744611929,7
1695744611929,1695744611930,1
1695744611783,1695744612295,512
1695744612296,1695744612431,135
1695744612432,1695744612453,21
1695744611924,1695744612670,746
1695744611807,1695744612778,971
1695744611930,1695744613021,1091
1695744612671,1695744613350,679
1695744613350,1695744613935,585
1695744612778,1695744614130,1352
1695744614130,1695744614130,0
1695744613022,1695744614583,1561
1695744614584,1695744614725,141
1695744614726,1695744614727,1
1695744613935,1695744614738,803
1695744611654,1695744614909,3255
1695744608747,1695744615003,6256
1695744615004,1695744615006,2
1695744612454,1695744615124,2670
1695744614910,1695744615203,293
1695744615124,1695744615427,303
1695744615007,1695744615464,457
1695744614738,1695744615519,781
1695744615427,1695744615924,497
1695744614130,1695744616108,1978
1695744615924,1695744616191,267
1695744616192,1695744616268,76
1695744616268,1695744616277,9
1695744615203,1695744616388,1185
1695744615520,1695744616416,896
1695744615464,1695744616519,1055
1695744616417,1695744616705,288
1695744614728,1695744616718,1990
1695744616705,1695744617360,655
1695744616718,1695744617625,907
1695744616388,1695744617831,1443
1695744617626,1695744618037,411
1695744617361,1695744618151,790
1695744617832,1695744618202,370
1695744616110,1695744618265,2155
1695744616277,1695744618516,2239
1695744618152,1695744618818,666
1695744618265,1695744618943,678
1695744618820,1695744619040,220
1695744618517,1695744619213,696
1695744618202,1695744619473,1271
1695744619041,1695744619623,582
1695744618038,1695744620222,2184
1695744619623,1695744620237,614
1695744619214,1695744620316,1102
1695744619474,1695744620444,970
1695744620444,1695744620478,34
1695744620479,1695744620612,133
1695744620316,1695744620614,298
1695744620222,1695744620841,619
1695744618944,1695744620852,1908
1695744620615,1695744620877,262
1695744620852,1695744621125,273
1695744616519,1695744621308,4789
1695744621126,1695744621370,244
1695744620877,1695744621552,675
1695744620842,1695744621572,730
1695744621308,1695744621692,384
1695744621692,1695744621717,25
1695744620237,1695744622100,1863
1695744621572,1695744622279,707
1695744621371,1695744622940,1569
1695744620613,1695744623059,2446
1695744622279,1695744623383,1104
1695744623383,1695744623384,1
1695744621552,1695744623409,1857
1695744622941,1695744624258,1317
1695744622100,1695744624317,2217
1695744624258,1695744624467,209
1695744623409,1695744624469,1060
1695744624469,1695744624775,306
1695744624775,1695744625185,410
1695744624318,1695744625321,1003
1695744625186,1695744625414,228
1695744625414,1695744625682,268
1695744621717,1695744625711,3994
1695744625683,1695744625785,102
1695744625712,1695744625975,263
1695744625322,1695744626078,756
1695744624468,1695744626324,1856
1695744623060,1695744626489,3429
1695744625786,1695744626574,788
1695744623384,1695744626723,3339
1695744626725,1695744626880,155
1695744626490,1695744627088,598
1695744626574,1695744627117,543
1695744626324,1695744627207,883
1695744627088,1695744627374,286
1695744626078,1695744627851,1773
1695744627852,1695744627899,47
1695744627375,1695744627908,533
1695744627207,1695744627911,704
1695744627118,1695744628229,1111
1695744626881,1695744628481,1600
1695744627899,1695744628620,721
1695744628482,1695744628699,217
1695744628699,1695744628699,0
1695744627912,1695744628994,1082
1695744628995,1695744629173,178
1695744627908,1695744629293,1385
1695744629295,1695744629455,160
1695744628620,1695744629533,913
1695744628230,1695744629883,1653
1695744628699,1695744629927,1228
1695744629927,1695744629990,63
1695744629173,1695744629991,818
1695744629534,1695744630279,745
1695744629991,1695744630323,332
1695744629884,1695744630871,987
1695744630323,1695744630879,556
1695744630879,1695744630885,6
1695744629455,1695744630889,1434
1695744630890,1695744630910,20
1695744630911,1695744630911,0
1695744630279,1695744630935,656
1695744625976,1695744631105,5129
1695744630872,1695744631184,312
1695744629991,1695744631405,1414
1695744630936,1695744631469,533
1695744630911,1695744631649,738
1695744631470,1695744632104,634
1695744632104,1695744632392,288
1695744631184,1695744632615,1431
1695744631406,1695744632725,1319
1695744630885,1695744633129,2244
1695744633129,1695744633726,597
1695744632615,1695744633766,1151
1695744631650,1695744633835,2185
1695744633727,1695744634191,464
1695744633766,1695744634279,513
1695744633835,1695744634594,759
1695744634280,1695744634698,418
1695744634699,1695744634774,75
1695744634594,1695744635266,672
1695744634192,1695744635298,1106
1695744632392,1695744635708,3316
1695744635299,1695744635797,498
1695744635266,1695744636277,1011
1695744631105,1695744636484,5379
1695744635708,1695744636689,981
1695744634774,1695744637022,2248
1695744636278,1695744637054,776
1695744636484,1695744637338,854
1695744632726,1695744637358,4632
1695744637022,1695744637359,337
1695744636690,1695744637493,803
1695744637338,1695744637692,354
1695744637359,1695744637771,412
1695744637692,1695744638145,453
1695744635797,1695744638669,2872
1695744638669,1695744638732,63
1695744637494,1695744638795,1301
1695744638732,1695744638969,237
1695744637772,1695744639175,1403
1695744638146,1695744639431,1285
1695744638796,1695744639587,791
1695744639176,1695744639718,542
1695744639432,1695744639771,339
1695744638970,1695744639944,974
1695744639719,1695744640404,685
1695744637054,1695744640627,3573
1695744639588,1695744640729,1141
1695744640729,1695744640731,2
1695744637358,1695744640761,3403
1695744640404,1695744641127,723
1695744640761,1695744641206,445
1695744639945,1695744641252,1307
1695744640731,1695744641489,758
1695744639771,1695744641797,2026
1695744641797,1695744641994,197
1695744641994,1695744642242,248
1695744641490,1695744642271,781
1695744641252,1695744642280,1028
1695744641128,1695744642302,1174
1695744641206,1695744642500,1294
1695744642302,1695744642652,350
1695744642652,1695744642931,279
1695744642271,1695744642974,703
1695744642931,1695744643086,155
1695744642242,1695744643199,957
1695744642974,1695744643322,348
1695744643086,1695744643584,498
1695744643585,1695744644032,447
1695744642501,1695744644131,1630
1695744642281,1695744644181,1900
1695744644032,1695744644737,705
1695744644181,1695744644980,799
1695744640627,1695744645618,4991
1695744645618,1695744645626,8
1695744643322,1695744645907,2585
1695744644737,1695744646684,1947
1695744645908,1695744647011,1103
1695744645626,1695744647088,1462
1695744647089,1695744647361,272
1695744646685,1695744647618,933
1695744647619,1695744647782,163
1695744647011,1695744647793,782
1695744643200,1695744648011,4811
1695744647362,1695744648202,840
1695744647782,1695744648374,592
1695744644981,1695744648760,3779
1695744648375,1695744649441,1066
1695744648202,1695744649670,1468
1695744647794,1695744650093,2299
1695744649441,1695744650377,936
1695744649671,1695744650399,728
1695744650400,1695744651034,634
1695744650377,1695744651111,734
1695744651111,1695744651155,44
1695744651156,1695744651159,3
1695744644132,1695744651376,7244
1695744650094,1695744651404,1310
1695744651404,1695744651787,383
1695744651159,1695744651959,800
1695744651960,1695744651982,22
1695744648012,1695744652141,4129
1695744651982,1695744652206,224
1695744651377,1695744652439,1062
1695744652206,1695744652582,376
1695744652582,1695744652765,183
1695744652439,1695744652788,349
1695744648761,1695744652912,4151
1695744652765,1695744652921,156
1695744652922,1695744653286,364
1695744651787,1695744653525,1738
1695744653287,1695744653531,244
1695744652912,1695744653834,922
1695744653525,1695744654267,742
1695744652788,1695744654414,1626
1695744653835,1695744654445,610
1695744654446,1695744654489,43
1695744654268,1695744654582,314
1695744654414,1695744654653,239
1695744654490,1695744654806,316
1695744653531,1695744655307,1776
1695744654653,1695744655805,1152
1695744651034,1695744655990,4956
1695744654582,1695744656033,1451
1695744654806,1695744656093,1287
1695744652141,1695744656152,4011
1695744655805,1695744656254,449
1695744656152,1695744656595,443
1695744655308,1695744656919,1611
1695744656596,1695744657358,762
1695744656093,1695744657364,1271
1695744657366,1695744657501,135
1695744656919,1695744657515,596
1695744656255,1695744658142,1887
1695744655991,1695744658191,2200
1695744657516,1695744658383,867
1695744657358,1695744658474,1116
1695744658191,1695744658476,285
1695744658142,1695744658620,478
1695744658620,1695744658922,302
1695744658476,1695744659007,531
1695744658922,1695744659395,473
1695744656033,1695744659446,3413
1695744657501,1695744659737,2236
1695744658476,1695744660136,1660
1695744660137,1695744660158,21
1695744658384,1695744660362,1978
1695744659737,1695744660786,1049
1695744660362,1695744660791,429
1695744660786,1695744661076,290
1695744660791,1695744661143,352
1695744659446,1695744661398,1952
1695744659396,1695744661743,2347
1695744661078,1695744661765,687
1695744661399,1695744661936,537
1695744661936,1695744662063,127
1695744661766,1695744662518,752
1695744661743,1695744662577,834
1695744662063,1695744662809,746
1695744662518,1695744662856,338
1695744659008,1695744663247,4239
1695744662809,1695744663392,583
1695744661143,1695744663503,2360
1695744662577,1695744663538,961
1695744663392,1695744663691,299
1695744663539,1695744663973,434
1695744662857,1695744664076,1219
1695744660158,1695744664436,4278
1695744663691,1695744664566,875
1695744663503,1695744664641,1138
1695744663973,1695744665400,1427
1695744664641,1695744665985,1344
1695744664566,1695744666052,1486
1695744664436,1695744666103,1667
1695744666105,1695744666899,794
1695744666052,1695744666939,887
1695744664077,1695744666995,2918
1695744665985,1695744667110,1125
1695744666996,1695744667260,264
1695744663248,1695744667399,4151
1695744666939,1695744667409,470
1695744667111,1695744667453,342
1695744667410,1695744667851,441
1695744667260,1695744667994,734
1695744666900,1695744668091,1191
1695744667851,1695744668348,497
1695744667995,1695744668621,626
1695744665400,1695744668740,3340
1695744668349,1695744668786,437
1695744668621,1695744669221,600
1695744668787,1695744669415,628
1695744667453,1695744669677,2224
1695744668741,1695744669765,1024
1695744669221,1695744669801,580
1695744667399,1695744669896,2497
1695744669896,1695744669906,10
1695744669678,1695744669959,281
1695744669960,1695744670010,50
1695744670010,1695744670162,152
1695744669415,1695744670180,765
1695744669906,1695744670324,418
1695744669801,1695744670422,621
1695744670325,1695744670485,160
1695744668092,1695744670795,2703
1695744670162,1695744670847,685
1695744670795,1695744670925,130
1695744670926,1695744671281,355
1695744670180,1695744672034,1854
1695744671281,1695744672087,806
1695744670847,1695744672241,1394
1695744672241,1695744672279,38
1695744669765,1695744672359,2594
1695744672280,1695744672555,275
1695744672034,1695744672824,790
1695744670422,1695744673241,2819
1695744672556,1695744673495,939
1695744672087,1695744673816,1729
1695744673817,1695744673837,20
1695744673242,1695744674155,913
1695744670485,1695744674242,3757
1695744673838,1695744674327,489
1695744674327,1695744674361,34
1695744672824,1695744674514,1690
1695744673495,1695744674748,1253
1695744674155,1695744675071,916
1695744672359,1695744675205,2846
1695744675205,1695744675210,5
1695744674515,1695744675215,700
1695744675215,1695744675946,731
1695744674243,1695744676284,2041
1695744674362,1695744676332,1970
1695744674748,1695744676494,1746
1695744675072,1695744676507,1435
1695744675946,1695744676631,685
1695744676508,1695744676774,266
1695744676775,1695744677318,543
1695744675210,1695744677348,2138
1695744676631,1695744677412,781
1695744677349,1695744677578,229
1695744676333,1695744677716,1383
1695744676494,1695744677778,1284
1695744677579,1695744678011,432
1695744677318,1695744678012,694
1695744677412,1695744678182,770
1695744678011,1695744678318,307
1695744677779,1695744678381,602
1695744678382,1695744678491,109
1695744678318,1695744678528,210
1695744677717,1695744678731,1014
1695744678183,1695744678960,777
1695744678528,1695744679028,500
1695744678491,1695744679230,739
1695744679230,1695744679248,18
1695744676285,1695744679336,3051
1695744678960,1695744679651,691
1695744678731,1695744679764,1033
1695744679337,1695744680020,683
1695744680020,1695744680190,170
1695744679765,1695744680240,475
1695744679652,1695744680383,731
1695744679249,1695744680627,1378
1695744679029,1695744681113,2084
1695744680384,1695744681137,753
1695744680628,1695744681189,561
1695744681189,1695744681800,611
1695744678012,1695744682094,4082
1695744682095,1695744682103,8
1695744681114,1695744682127,1013
1695744680191,1695744682235,2044
1695744681801,1695744682328,527
1695744682103,1695744682752,649
1695744680241,1695744683460,3219
1695744681138,1695744683644,2506
1695744682753,1695744683788,1035
1695744683789,1695744683874,85
1695744682235,1695744684253,2018
1695744682329,1695744684540,2211
1695744683460,1695744684593,1133
1695744684593,1695744684670,77
1695744684540,1695744684675,135
1695744684254,1695744684808,554
1695744684670,1695744685054,384
1695744684808,1695744685286,478
1695744682127,1695744685497,3370
1695744685054,1695744685693,639
1695744683644,1695744685840,2196
1695744684675,1695744686008,1333
1695744685693,1695744686063,370
1695744686063,1695744686067,4
1695744683875,1695744686328,2453
1695744685287,1695744686518,1231
1695744685840,1695744686773,933
1695744685497,1695744687261,1764
1695744686009,1695744687611,1602
1695744686329,1695744687628,1299
1695744687612,1695744687653,41
1695744687653,1695744687710,57
1695744687711,1695744687715,4
1695744686773,1695744687848,1075
1695744687715,1695744688137,422
1695744687261,1695744688553,1292
1695744687628,1695744688558,930
1695744687848,1695744688673,825
1695744686067,1695744688819,2752
1695744688554,1695744689004,450
1695744688674,1695744689450,776
1695744689004,1695744690060,1056
1695744689450,1695744690197,747
1695744686519,1695744690481,3962
1695744688559,1695744690684,2125
1695744688819,1695744691030,2211
1695744690198,1695744691080,882
1695744691081,1695744691081,0
1695744691082,1695744691150,68
1695744690060,1695744691359,1299
1695744691030,1695744691538,508
1695744690685,1695744691622,937
1695744691151,1695744691835,684
1695744688138,1695744692530,4392
1695744691360,1695744692645,1285
1695744691836,1695744692651,815
1695744692530,1695744692941,411
1695744691623,1695744693088,1465
1695744692645,1695744693110,465
1695744692941,1695744693212,271
1695744693089,1695744693573,484
1695744691539,1695744694162,2623
1695744694162,1695744694187,25
1695744690481,1695744694324,3843
1695744693573,1695744694732,1159
1695744692652,1695744694979,2327
1695744694187,1695744695337,1150
1695744693212,1695744695339,2127
1695744695339,1695744695957,618
1695744694732,1695744696103,1371
1695744695337,1695744696437,1100
1695744696437,1695744696774,337
1695744694979,1695744697064,2085
1695744696774,1695744697080,306
1695744696103,1695744697102,999
1695744694324,1695744697624,3300
1695744697064,1695744697625,561
1695744695957,1695744697728,1771
1695744697080,1695744698079,999
1695744697729,1695744698528,799
1695744698080,1695744698597,517
1695744698529,1695744698921,392
1695744698597,1695744698934,337
1695744693110,1695744699723,6613
1695744698934,1695744699800,866
1695744699801,1695744699914,113
1695744698922,1695744700255,1333
1695744697625,1695744700334,2709
1695744699915,1695744700491,576
1695744697624,1695744700581,2957
1695744699724,1695744701024,1300
1695744701025,1695744701027,2
1695744700256,1695744701073,817
1695744700335,1695744701109,774
1695744700581,1695744701119,538
1695744701119,1695744701496,377
1695744701110,1695744701802,692
1695744701802,1695744701842,40
1695744701028,1695744702267,1239
1695744702268,1695744702487,219
1695744701842,1695744702625,783
1695744702487,1695744702729,242
1695744697103,1695744702787,5684
1695744702729,1695744702924,195
1695744701074,1695744702997,1923
1695744701497,1695744703241,1744
1695744703242,1695744703242,0
1695744703242,1695744703252,10
1695744700491,1695744703384,2893
1695744702626,1695744703409,783
1695744703253,1695744703444,191
1695744702998,1695744703534,536
1695744702925,1695744703803,878
1695744703410,1695744703998,588
1695744703804,1695744704014,210
1695744704014,1695744704074,60
1695744704074,1695744704203,129
1695744702788,1695744704264,1476
1695744703999,1695744704373,374
1695744703384,1695744704613,1229
1695744704203,1695744704847,644
1695744704613,1695744704921,308
1695744704922,1695744705239,317
1695744703444,1695744705319,1875
1695744705319,1695744705448,129
1695744705449,1695744705450,1
1695744704848,1695744705457,609
1695744704264,1695744705475,1211
1695744705457,1695744705619,162
1695744703536,1695744705679,2143
1695744705239,1695744705916,677
1695744705916,1695744706305,389
1695744705620,1695744706317,697
1695744705679,1695744706487,808
1695744704373,1695744706605,2232
1695744706488,1695744706795,307
1695744705475,1695744706907,1432
1695744706795,1695744707107,312
1695744706318,1695744707765,1447
1695744707107,1695744707782,675
1695744707766,1695744707937,171
1695744707782,1695744708055,273
1695744706605,1695744708301,1696
1695744707937,1695744708482,545
1695744708301,1695744708796,495
1695744705451,1695744709594,4143
1695744708483,1695744709627,1144
1695744706305,1695744709666,3361
1695744708797,1695744709668,871
1695744706908,1695744709683,2775
1695744709666,1695744709756,90
1695744709757,1695744710669,912
1695744709684,1695744710759,1075
1695744709628,1695744711023,1395
1695744710670,1695744711200,530
1695744711023,1695744711432,409
1695744711433,1695744711439,6
1695744710759,1695744711779,1020
1695744709668,1695744712020,2352
1695744711439,1695744712153,714
1695744709596,1695744712355,2759
1695744712153,1695744712375,222
1695744711201,1695744712866,1665
1695744712355,1695744712881,526
1695744712020,1695744712882,862
1695744712882,1695744713376,494
1695744713377,1695744713377,0
1695744712375,1695744713422,1047
1695744712866,1695744713432,566
1695744713378,1695744713854,476
1695744712882,1695744714009,1127
1695744711779,1695744714134,2355
1695744708055,1695744714137,6082
1695744714137,1695744714473,336
1695744714136,1695744714616,480
1695744713422,1695744714651,1229
1695744714474,1695744714661,187
1695744714652,1695744714890,238
1695744713433,1695744715119,1686
1695744714662,1695744715271,609
1695744714890,1695744715281,391
1695744715272,1695744715362,90
1695744714616,1695744715441,825
1695744715119,1695744715555,436
1695744714009,1695744715619,1610
1695744715362,1695744715698,336
1695744715620,1695744715783,163
1695744715441,1695744715861,420
1695744713856,1695744715931,2075
1695744715783,1695744716022,239
1695744716023,1695744716197,174
1695744715699,1695744716260,561
1695744716261,1695744716277,16
1695744715862,1695744716360,498
1695744715932,1695744716549,617
1695744715282,1695744716580,1298
1695744716550,1695744716968,418
1695744716198,1695744717490,1292
1695744716361,1695744717764,1403
1695744716581,1695744717830,1249
1695744717831,1695744718132,301
1695744716277,1695744718188,1911
1695744718189,1695744718258,69
1695744718258,1695744718644,386
1695744717491,1695744718771,1280
1695744715556,1695744718829,3273
1695744718829,1695744718933,104
1695744718645,1695744719109,464
1695744719110,1695744719250,140
1695744719250,1695744719406,156
1695744716968,1695744719553,2585
1695744718132,1695744719717,1585
1695744719407,1695744719989,582
1695744719553,1695744720402,849
1695744720402,1695744720674,272
1695744719989,1695744720701,712
1695744720701,1695744720917,216
1695744720917,1695744721027,110
1695744721027,1695744721123,96
1695744718933,1695744721335,2402
1695744720674,1695744721465,791
1695744721466,1695744721489,23
1695744718772,1695744721506,2734
1695744719717,1695744721695,1978
1695744721696,1695744722168,472
1695744721123,1695744722256,1133
1695744721335,1695744722287,952
1695744721490,1695744722385,895
1695744722257,1695744722401,144
1695744722288,1695744722485,197
1695744717764,1695744722548,4784
1695744722169,1695744722788,619
1695744721507,1695744722817,1310
1695744722817,1695744722919,102
1695744722548,1695744723178,630
1695744722919,1695744723237,318
1695744722485,1695744723980,1495
1695744723980,1695744724104,124
1695744722788,1695744724325,1537
1695744722401,1695744724363,1962
1695744723178,1695744724745,1567
1695744724363,1695744725142,779
1695744725142,1695744725143,1
1695744724326,1695744725216,890
1695744724745,1695744725283,538
1695744722385,1695744725342,2957
1695744725218,1695744725404,186
1695744725343,1695744725652,309
1695744724104,1695744726081,1977
1695744725284,1695744726363,1079
1695744726081,1695744726518,437
1695744725144,1695744726770,1626
1695744726364,1695744726890,526
1695744723238,1695744727513,4275
1695744726771,1695744727550,779
1695744726890,1695744728889,1999
1695744728890,1695744728901,11
1695744727514,1695744728906,1392
1695744725652,1695744729070,3418
1695744726518,1695744729410,2892
1695744729411,1695744729453,42
1695744729070,1695744729506,436
1695744728901,1695744729607,706
1695744728906,1695744729743,837
1695744729608,1695744729911,303
1695744729454,1695744729932,478
1695744729933,1695744729933,0
1695744729743,1695744730109,366
1695744729506,1695744730314,808
1695744729912,1695744730870,958
1695744730110,1695744731865,1755
1695744731866,1695744733264,1398
1695744727550,1695744733459,5909
1695744730870,1695744733699,2829
1695744733459,1695744733874,415
1695744733701,1695744734136,435
1695744730314,1695744734329,4015
1695744729933,1695744734685,4752
1695744725404,1695744734751,9347
1695744734136,1695744734785,649
1695744733265,1695744734813,1548
1695744734785,1695744734981,196
1695744734982,1695744735087,105
1695744733875,1695744735242,1367
1695744734813,1695744735933,1120
1695744734329,1695744736056,1727
1695744734686,1695744736281,1595
1695744736281,1695744736362,81
1695744734751,1695744736459,1708
1695744736459,1695744736718,259
1695744735243,1695744736880,1637
1695744735088,1695744737032,1944
1695744735934,1695744737038,1104
1695744736880,1695744737571,691
1695744736362,1695744737769,1407
1695744737038,1695744737802,764
1695744737572,1695744738457,885
1695744737802,1695744738585,783
1695744738585,1695744738967,382
1695744736718,1695744739115,2397
1695744738968,1695744739171,203
1695744737770,1695744739256,1486
1695744739256,1695744739315,59
1695744738457,1695744739596,1139
1695744737032,1695744739621,2589
1695744739172,1695744739705,533
1695744739705,1695744739812,107
1695744736058,1695744739891,3833
1695744739315,1695744740003,688
1695744739116,1695744740033,917
1695744740034,1695744740641,607
1695744739812,1695744740684,872
1695744740641,1695744740832,191
1695744740004,1695744740897,893
1695744739596,1695744741102,1506
1695744741102,1695744741258,156
1695744741258,1695744741485,227
1695744739622,1695744741501,1879
1695744741485,1695744741717,232
1695744740684,1695744741744,1060
1695744741717,1695744742455,738
1695744741501,1695744742467,966
1695744742455,1695744742489,34
1695744740833,1695744742830,1997
1695744742489,1695744742979,490
1695744740897,1695744743510,2613
1695744743510,1695744743527,17
1695744741745,1695744743646,1901
1695744742467,1695744744116,1649
1695744739892,1695744744262,4370
1695744743646,1695744744591,945
1695744744592,1695744744594,2
1695744744116,1695744744869,753
1695744744262,1695744744935,673
1695744743527,1695744745045,1518
1695744742831,1695744745464,2633
1695744742980,1695744745850,2870
1695744744595,1695744746019,1424
1695744744869,1695744746183,1314
1695744745464,1695744746201,737
1695744745045,1695744746416,1371
1695744745850,1695744747570,1720
1695744746183,1695744747722,1539
1695744747723,1695744747919,196
1695744746416,1695744748119,1703
1695744746201,1695744748413,2212
1695744747570,1695744748578,1008
1695744748413,1695744748925,512
1695744744935,1695744749046,4111
1695744747920,1695744749084,1164
1695744748925,1695744749454,529
1695744749455,1695744749507,52
1695744749046,1695744749667,621
1695744746020,1695744749796,3776
1695744748119,1695744749799,1680
1695744749799,1695744750118,319
1695744749084,1695744750150,1066
1695744749796,1695744750625,829
1695744749508,1695744750650,1142
1695744750119,1695744750883,764
1695744750150,1695744751096,946
1695744749667,1695744751442,1775
1695744750650,1695744751578,928
1695744750625,1695744751867,1242
1695744751443,1695744751887,444
1695744751096,1695744752049,953
1695744751867,1695744752064,197
1695744750883,1695744752430,1547
1695744751578,1695744752515,937
1695744752064,1695744752560,496
1695744752516,1695744752807,291
1695744748578,1695744752848,4270
1695744752808,1695744753137,329
1695744752050,1695744753186,1136
1695744752431,1695744753315,884
1695744753315,1695744753474,159
1695744753475,1695744753509,34
1695744753510,1695744753885,375
1695744753137,1695744753889,752
1695744753187,1695744754168,981
1695744754169,1695744754203,34
1695744752849,1695744754259,1410
1695744753887,1695744754388,501
1695744753889,1695744754606,717
1695744752561,1695744754770,2209
1695744751888,1695744754823,2935
1695744754260,1695744754839,579
1695744754607,1695744755201,594
1695744754824,1695744755323,499
1695744754389,1695744755371,982
1695744755201,1695744755429,228
1695744754839,1695744755503,664
1695744755503,1695744755503,0
1695744755371,1695744755641,270
1695744755323,1695744756170,847
1695744754770,1695744756260,1490
1695744754204,1695744756378,2174
1695744755503,1695744756481,978
1695744756170,1695744756650,480
1695744756481,1695744756696,215
1695744756260,1695744756775,515
1695744755642,1695744756858,1216
1695744756379,1695744757138,759
1695744756650,1695744757375,725
1695744756696,1695744757651,955
1695744757652,1695744757716,64
1695744756858,1695744757960,1102
1695744757716,1695744759020,1304
1695744757139,1695744759207,2068
1695744757375,1695744759213,1838
1695744759021,1695744759396,375
1695744759207,1695744759518,311
1695744757961,1695744759834,1873
1695744755429,1695744760222,4793
1695744759396,1695744760310,914
1695744760311,1695744760500,189
1695744760222,1695744761127,905
1695744761127,1695744761220,93
1695744760501,1695744761251,750
1695744761252,1695744761789,537
1695744761220,1695744761915,695
1695744761790,1695744762163,373
1695744759519,1695744762213,2694
1695744762213,1695744762284,71
1695744756775,1695744762581,5806
1695744761915,1695744762653,738
1695744762285,1695744762811,526
1695744762163,1695744762830,667
1695744759213,1695744762930,3717
1695744759835,1695744763065,3230
1695744762811,1695744763254,443
1695744762831,1695744763273,442
1695744762654,1695744763353,699
1695744763274,1695744763374,100
1695744763254,1695744763671,417
1695744763374,1695744763781,407
1695744763353,1695744764100,747
1695744762582,1695744764231,1649
1695744763782,1695744764290,508
1695744764290,1695744764392,102
1695744763672,1695744764901,1229
1695744764101,1695744765056,955
1695744764231,1695744765261,1030
1695744765262,1695744765270,8
1695744765056,1695744765378,322
1695744764393,1695744765424,1031
1695744765270,1695744765656,386
1695744763067,1695744765698,2631
1695744764901,1695744765772,871
1695744765424,1695744765874,450
1695744765379,1695744765921,542
1695744765874,1695744765985,111
1695744765698,1695744766529,831
1695744765922,1695744766535,613
1695744762931,1695744766545,3614
1695744765986,1695744766695,709
1695744766535,1695744766796,261
1695744766545,1695744766887,342
1695744766797,1695744766936,139
1695744766888,1695744767045,157
1695744766937,1695744767098,161
1695744767098,1695744767190,92
1695744766530,1695744767703,1173
1695744766696,1695744767767,1071
1695744765772,1695744767806,2034
1695744765656,1695744768274,2618
1695744767704,1695744768323,619
1695744767767,1695744768362,595
1695744768363,1695744768455,92
1695744768274,1695744768491,217
1695744768455,1695744768538,83
1695744768324,1695744768609,285
1695744768491,1695744768612,121
1695744767045,1695744768658,1613
1695744767806,1695744768831,1025
1695744768612,1695744768923,311
1695744767190,1695744769157,1967
1695744768831,1695744769885,1054
1695744769158,1695744769936,778
1695744768659,1695744769991,1332
1695744768923,1695744770071,1148
1695744769885,1695744770730,845
1695744770730,1695744770730,0
1695744768539,1695744770826,2287
1695744769937,1695744770830,893
1695744769991,1695744770872,881
1695744770826,1695744770941,115
1695744770872,1695744770980,108
1695744770942,1695744771013,71
1695744771014,1695744771053,39
1695744770831,1695744771100,269
1695744771054,1695744771572,518
1695744771573,1695744771606,33
1695744771100,1695744771802,702
1695744768609,1695744771948,3339
1695744771606,1695744772062,456
1695744770980,1695744772139,1159
1695744772062,1695744772202,140
1695744770731,1695744772278,1547
1695744770072,1695744772416,2344
1695744771948,1695744772459,511
1695744772202,1695744772733,531
1695744772733,1695744772945,212
1695744771802,1695744773374,1572
1695744772945,1695744773608,663
1695744772417,1695744773931,1514
1695744772278,1695744774319,2041
1695744773608,1695744774987,1379
1695744772140,1695744775278,3138
1695744774988,1695744775361,373
1695744775278,1695744775446,168
1695744773375,1695744775598,2223
1695744775447,1695744775660,213
1695744774319,1695744775859,1540
1695744775599,1695744775904,305
1695744775362,1695744775992,630
1695744775859,1695744776054,195
1695744775661,1695744776326,665
1695744776327,1695744776329,2
1695744775993,1695744776377,384
1695744772461,1695744776452,3991
1695744776055,1695744776498,443
1695744773931,1695744776626,2695
1695744776498,1695744776741,243
1695744775904,1695744777089,1185
1695744777089,1695744777256,167
1695744777256,1695744777544,288
1695744777545,1695744777765,220
1695744776741,1695744778821,2080
1695744776378,1695744778833,2455
1695744778822,1695744778976,154
1695744776453,1695744779003,2550
1695744779004,1695744779191,187
1695744778976,1695744779205,229
1695744776329,1695744779379,3050
1695744778834,1695744779638,804
1695744776626,1695744780179,3553
1695744777766,1695744780618,2852
1695744779639,1695744780781,1142
1695744779192,1695744781655,2463
1695744780619,1695744781752,1133
1695744781656,1695744782081,425
1695744780179,1695744782145,1966
1695744779205,1695744782576,3371
1695744779379,1695744782938,3559
1695744782146,1695744782969,823
1695744782082,1695744783380,1298
1695744780781,1695744783448,2667
1695744782938,1695744783562,624
1695744782578,1695744783597,1019
1695744781752,1695744783840,2088
1695744783598,1695744784143,545
1695744783449,1695744784238,789
1695744782971,1695744784298,1327
1695744783841,1695744784439,598
1695744784238,1695744784482,244
1695744784440,1695744784663,223
1695744784143,1695744784690,547
1695744783563,1695744784816,1253
1695744784663,1695744785076,413
1695744784482,1695744785256,774
1695744785256,1695744785540,284
1695744784299,1695744785595,1296
1695744784691,1695744786544,1853
1695744783380,1695744786618,3238
1695744786619,1695744786619,0
1695744786619,1695744786698,79
1695744785541,1695744786875,1334
1695744786875,1695744786875,0
1695744785076,1695744787248,2172
1695744786698,1695744787298,600
1695744784818,1695744787425,2607
1695744786545,1695744787566,1021
1695744786876,1695744787887,1011
1695744787566,1695744788579,1013
1695744787298,1695744788653,1355
1695744785596,1695744788838,3242
1695744788838,1695744789016,178
1695744789017,1695744789170,153
1695744787426,1695744789257,1831
1695744789258,1695744789487,229
1695744787888,1695744789514,1626
1695744789515,1695744789770,255
1695744789770,1695744790114,344
1695744788653,1695744790175,1522
1695744789170,1695744790322,1152
1695744790175,1695744790611,436
1695744789488,1695744791082,1594
1695744790322,1695744791088,766
1695744788580,1695744791261,2681
1695744790115,1695744791941,1826
1695744790612,1695744792115,1503
1695744791941,1695744792171,230
1695744791262,1695744792279,1017
1695744792279,1695744792364,85
1695744791083,1695744792446,1363
1695744792115,1695744792556,441
1695744792556,1695744792702,146
1695744792172,1695744792835,663
1695744791088,1695744792950,1862
1695744787248,1695744792999,5751
1695744793000,1695744793655,655
1695744792835,1695744793717,882
1695744792950,1695744793954,1004
1695744793655,1695744794006,351
1695744792446,1695744794348,1902
1695744792702,1695744794447,1745
1695744794348,1695744794481,133
1695744793718,1695744794775,1057
1695744794481,1695744795545,1064
1695744794447,1695744795655,1208
1695744795546,1695744795904,358
1695744794006,1695744795930,1924
1695744795905,1695744796298,393
1695744792364,1695744796371,4007
1695744795656,1695744796417,761
1695744795930,1695744796606,676
1695744796606,1695744796851,245
1695744796299,1695744797196,897
1695744796372,1695744797297,925
1695744797298,1695744797566,268
1695744794775,1695744797750,2975
1695744796851,1695744797850,999
1695744797566,1695744797881,315
1695744793954,1695744797906,3952
1695744797196,1695744798253,1057
1695744797751,1695744798399,648
1695744797851,1695744798416,565
1695744798254,1695744798433,179
1695744798416,1695744798597,181
1695744798399,1695744798904,505
1695744798904,1695744798950,46
1695744797907,1695744799206,1299
1695744796417,1695744799465,3048
1695744798950,1695744799698,748
1695744799699,1695744799719,20
1695744799720,1695744799838,118
1695744799466,1695744799862,396
1695744799206,1695744799941,735
1695744798434,1695744800250,1816
1695744799942,1695744800346,404
1695744799839,1695744800603,764
1695744797881,1695744800616,2735
1695744800603,1695744800658,55
1695744800658,1695744800662,4
1695744800662,1695744800662,0
1695744800346,1695744801338,992
1695744800251,1695744801620,1369
1695744800616,1695744801649,1033
1695744799863,1695744801714,1851
1695744801339,1695744801759,420
1695744798598,1695744801890,3292
1695744801620,1695744802087,467
1695744801715,1695744802262,547
1695744802087,1695744802367,280
1695744800663,1695744802369,1706
1695744802369,1695744802610,241
1695744801649,1695744802736,1087
1695744801759,1695744802790,1031
1695744801890,1695744804151,2261
1695744802791,1695744804188,1397
1695744802610,1695744804516,1906
1695744802736,1695744804567,1831
1695744804152,1695744804585,433
1695744804189,1695744805451,1262
1695744804586,1695744805530,944
1695744805452,1695744805830,378
1695744802367,1695744805894,3527
1695744805830,1695744806029,199
1695744805894,1695744806590,696
1695744804568,1695744806627,2059
1695744806029,1695744806871,842
1695744805530,1695744807110,1580
1695744806628,1695744807304,676
1695744804517,1695744807497,2980
1695744807110,1695744807518,408
1695744807519,1695744807636,117
1695744806871,1695744807804,933
1695744807804,1695744808286,482
1695744807497,1695744808595,1098
1695744808596,1695744809206,610
1695744806591,1695744809336,2745
1695744807305,1695744809477,2172
1695744802263,1695744810019,7756
1695744809477,1695744810022,545
1695744809206,1695744810041,835
1695744807636,1695744810249,2613
1695744810042,1695744811005,963
1695744810023,1695744811339,1316
1695744810020,1695744811760,1740
1695744810250,1695744812311,2061
1695744812312,1695744812756,444
1695744811005,1695744812895,1890
1695744809337,1695744812977,3640
1695744811340,1695744813022,1682
1695744813023,1695744813052,29
1695744812977,1695744813321,344
1695744813321,1695744813401,80
1695744812756,1695744813470,714
1695744811760,1695744813676,1916
1695744812896,1695744813808,912
1695744808287,1695744813855,5568
1695744813470,1695744814496,1026
1695744813053,1695744814829,1776
1695744814496,1695744814922,426
1695744813401,1695744814955,1554
1695744813856,1695744815075,1219
